{"cameraMode":{"drawMode":0,"name":"Shaded","section":"Shading Mode"},"sceneLighting":true,"audioPlay":false,"sceneViewState":{"m_AlwaysRefresh":false,"showFog":true,"showSkybox":true,"showFlares":true,"showImageEffects":true,"showParticleSystems":true,"showVisualEffectGraphs":true,"m_FxEnabled":true},"in2DMode":false,"pivot":{"x":-0.06281661987304688,"y":-0.6939120292663574,"z":0.7780270576477051},"rotation":{"x":0.05491187795996666,"y":-0.942091166973114,"z":0.2701932489871979,"w":0.19137264788150788},"size":4.538382530212402,"orthographic":false}